feature,importance
nightlight_intensity,0.860062663355513
mobile_calls,0.09481021820841326
data_usage_mb,0.023652674406663517
unique_devices,0.021474444029410327
